question,answer
What is the primary function of mitochondria in cells?,"Mitochondria are the powerhouse of the cell, responsible for producing ATP through cellular respiration. They convert nutrients into energy that the cell can use."
What causes type 2 diabetes?,"Type 2 diabetes is primarily caused by insulin resistance, where cells don't respond properly to insulin. Risk factors include obesity, lack of physical activity, genetics, and age."
How does the immune system respond to viral infections?,"The immune system responds to viral infections through both innate and adaptive immunity. It produces antibodies, activates T-cells, and creates memory cells for future protection."
What is the role of DNA in protein synthesis?,"DNA contains the genetic instructions for making proteins. Through transcription and translation, DNA sequences are converted to mRNA and then to amino acid sequences that form proteins."
What are the main symptoms of hypertension?,"Hypertension often has no symptoms, which is why it's called a 'silent killer'. When symptoms occur, they may include headaches, shortness of breath, nosebleeds, or chest pain."
What is the primary function of mitochondria in cells?,"Mitochondria are the powerhouse of the cell, responsible for producing ATP through cellular respiration. They convert nutrients into energy that the cell can use."
What causes type 2 diabetes?,"Type 2 diabetes is primarily caused by insulin resistance, where cells don't respond properly to insulin. Risk factors include obesity, lack of physical activity, genetics, and age."
How does the immune system respond to viral infections?,"The immune system responds to viral infections through both innate and adaptive immunity. It produces antibodies, activates T-cells, and creates memory cells for future protection."
What is the role of DNA in protein synthesis?,"DNA contains the genetic instructions for making proteins. Through transcription and translation, DNA sequences are converted to mRNA and then to amino acid sequences that form proteins."
What are the main symptoms of hypertension?,"Hypertension often has no symptoms, which is why it's called a 'silent killer'. When symptoms occur, they may include headaches, shortness of breath, nosebleeds, or chest pain."
What is the primary function of mitochondria in cells?,"Mitochondria are the powerhouse of the cell, responsible for producing ATP through cellular respiration. They convert nutrients into energy that the cell can use."
What causes type 2 diabetes?,"Type 2 diabetes is primarily caused by insulin resistance, where cells don't respond properly to insulin. Risk factors include obesity, lack of physical activity, genetics, and age."
How does the immune system respond to viral infections?,"The immune system responds to viral infections through both innate and adaptive immunity. It produces antibodies, activates T-cells, and creates memory cells for future protection."
What is the role of DNA in protein synthesis?,"DNA contains the genetic instructions for making proteins. Through transcription and translation, DNA sequences are converted to mRNA and then to amino acid sequences that form proteins."
What are the main symptoms of hypertension?,"Hypertension often has no symptoms, which is why it's called a 'silent killer'. When symptoms occur, they may include headaches, shortness of breath, nosebleeds, or chest pain."
What is the primary function of mitochondria in cells?,"Mitochondria are the powerhouse of the cell, responsible for producing ATP through cellular respiration. They convert nutrients into energy that the cell can use."
What causes type 2 diabetes?,"Type 2 diabetes is primarily caused by insulin resistance, where cells don't respond properly to insulin. Risk factors include obesity, lack of physical activity, genetics, and age."
How does the immune system respond to viral infections?,"The immune system responds to viral infections through both innate and adaptive immunity. It produces antibodies, activates T-cells, and creates memory cells for future protection."
What is the role of DNA in protein synthesis?,"DNA contains the genetic instructions for making proteins. Through transcription and translation, DNA sequences are converted to mRNA and then to amino acid sequences that form proteins."
What are the main symptoms of hypertension?,"Hypertension often has no symptoms, which is why it's called a 'silent killer'. When symptoms occur, they may include headaches, shortness of breath, nosebleeds, or chest pain."
What is the primary function of mitochondria in cells?,"Mitochondria are the powerhouse of the cell, responsible for producing ATP through cellular respiration. They convert nutrients into energy that the cell can use."
What causes type 2 diabetes?,"Type 2 diabetes is primarily caused by insulin resistance, where cells don't respond properly to insulin. Risk factors include obesity, lack of physical activity, genetics, and age."
How does the immune system respond to viral infections?,"The immune system responds to viral infections through both innate and adaptive immunity. It produces antibodies, activates T-cells, and creates memory cells for future protection."
What is the role of DNA in protein synthesis?,"DNA contains the genetic instructions for making proteins. Through transcription and translation, DNA sequences are converted to mRNA and then to amino acid sequences that form proteins."
What are the main symptoms of hypertension?,"Hypertension often has no symptoms, which is why it's called a 'silent killer'. When symptoms occur, they may include headaches, shortness of breath, nosebleeds, or chest pain."
What is the primary function of mitochondria in cells?,"Mitochondria are the powerhouse of the cell, responsible for producing ATP through cellular respiration. They convert nutrients into energy that the cell can use."
What causes type 2 diabetes?,"Type 2 diabetes is primarily caused by insulin resistance, where cells don't respond properly to insulin. Risk factors include obesity, lack of physical activity, genetics, and age."
How does the immune system respond to viral infections?,"The immune system responds to viral infections through both innate and adaptive immunity. It produces antibodies, activates T-cells, and creates memory cells for future protection."
What is the role of DNA in protein synthesis?,"DNA contains the genetic instructions for making proteins. Through transcription and translation, DNA sequences are converted to mRNA and then to amino acid sequences that form proteins."
What are the main symptoms of hypertension?,"Hypertension often has no symptoms, which is why it's called a 'silent killer'. When symptoms occur, they may include headaches, shortness of breath, nosebleeds, or chest pain."
What is the primary function of mitochondria in cells?,"Mitochondria are the powerhouse of the cell, responsible for producing ATP through cellular respiration. They convert nutrients into energy that the cell can use."
What causes type 2 diabetes?,"Type 2 diabetes is primarily caused by insulin resistance, where cells don't respond properly to insulin. Risk factors include obesity, lack of physical activity, genetics, and age."
How does the immune system respond to viral infections?,"The immune system responds to viral infections through both innate and adaptive immunity. It produces antibodies, activates T-cells, and creates memory cells for future protection."
What is the role of DNA in protein synthesis?,"DNA contains the genetic instructions for making proteins. Through transcription and translation, DNA sequences are converted to mRNA and then to amino acid sequences that form proteins."
What are the main symptoms of hypertension?,"Hypertension often has no symptoms, which is why it's called a 'silent killer'. When symptoms occur, they may include headaches, shortness of breath, nosebleeds, or chest pain."
What is the primary function of mitochondria in cells?,"Mitochondria are the powerhouse of the cell, responsible for producing ATP through cellular respiration. They convert nutrients into energy that the cell can use."
What causes type 2 diabetes?,"Type 2 diabetes is primarily caused by insulin resistance, where cells don't respond properly to insulin. Risk factors include obesity, lack of physical activity, genetics, and age."
How does the immune system respond to viral infections?,"The immune system responds to viral infections through both innate and adaptive immunity. It produces antibodies, activates T-cells, and creates memory cells for future protection."
What is the role of DNA in protein synthesis?,"DNA contains the genetic instructions for making proteins. Through transcription and translation, DNA sequences are converted to mRNA and then to amino acid sequences that form proteins."
What are the main symptoms of hypertension?,"Hypertension often has no symptoms, which is why it's called a 'silent killer'. When symptoms occur, they may include headaches, shortness of breath, nosebleeds, or chest pain."
What is the primary function of mitochondria in cells?,"Mitochondria are the powerhouse of the cell, responsible for producing ATP through cellular respiration. They convert nutrients into energy that the cell can use."
What causes type 2 diabetes?,"Type 2 diabetes is primarily caused by insulin resistance, where cells don't respond properly to insulin. Risk factors include obesity, lack of physical activity, genetics, and age."
How does the immune system respond to viral infections?,"The immune system responds to viral infections through both innate and adaptive immunity. It produces antibodies, activates T-cells, and creates memory cells for future protection."
What is the role of DNA in protein synthesis?,"DNA contains the genetic instructions for making proteins. Through transcription and translation, DNA sequences are converted to mRNA and then to amino acid sequences that form proteins."
What are the main symptoms of hypertension?,"Hypertension often has no symptoms, which is why it's called a 'silent killer'. When symptoms occur, they may include headaches, shortness of breath, nosebleeds, or chest pain."
What is the primary function of mitochondria in cells?,"Mitochondria are the powerhouse of the cell, responsible for producing ATP through cellular respiration. They convert nutrients into energy that the cell can use."
What causes type 2 diabetes?,"Type 2 diabetes is primarily caused by insulin resistance, where cells don't respond properly to insulin. Risk factors include obesity, lack of physical activity, genetics, and age."
How does the immune system respond to viral infections?,"The immune system responds to viral infections through both innate and adaptive immunity. It produces antibodies, activates T-cells, and creates memory cells for future protection."
What is the role of DNA in protein synthesis?,"DNA contains the genetic instructions for making proteins. Through transcription and translation, DNA sequences are converted to mRNA and then to amino acid sequences that form proteins."
What are the main symptoms of hypertension?,"Hypertension often has no symptoms, which is why it's called a 'silent killer'. When symptoms occur, they may include headaches, shortness of breath, nosebleeds, or chest pain."
